{
  "formatVersion": 1,
  "database": {
    "version": 2,
    "identityHash": "6c11314c6821cd76adf424090e346a41",
    "entities": [
      {
        "tableName": "TaskDb",
        "createSql": "CREATE TABLE IF NOT EXISTS `${TABLE_NAME}` (`tid` INTEGER PRIMARY KEY AUTOINCREMENT NOT NULL, `date` TEXT, `explanation` TEXT, `title` TEXT, `url` TEXT, `isstudy` TEXT)",
        "fields": [
          {
            "fieldPath": "tid",
            "columnName": "tid",
            "affinity": "INTEGER",
            "notNull": true
          },
          {
            "fieldPath": "date",
            "columnName": "date",
            "affinity": "TEXT",
            "notNull": false
          },
          {
            "fieldPath": "explanation",
            "columnName": "explanation",
            "affinity": "TEXT",
            "notNull": false
          },
          {
            "fieldPath": "title",
            "columnName": "title",
            "affinity": "TEXT",
            "notNull": false
          },
          {
            "fieldPath": "url",
            "columnName": "url",
            "affinity": "TEXT",
            "notNull": false
          },
          {
            "fieldPath": "isstudy",
            "columnName": "isstudy",
            "affinity": "TEXT",
            "notNull": false
          }
        ],
        "primaryKey": {
          "columnNames": [
            "tid"
          ],
          "autoGenerate": true
        },
        "indices": [],
        "foreignKeys": []
      },
      {
        "tableName": "CommentDb",
        "createSql": "CREATE TABLE IF NOT EXISTS `${TABLE_NAME}` (`cid` INTEGER PRIMARY KEY AUTOINCREMENT NOT NULL, `tid` INTEGER NOT NULL, `comment` TEXT, `time` TEXT)",
        "fields": [
          {
            "fieldPath": "cid",
            "columnName": "cid",
            "affinity": "INTEGER",
            "notNull": true
          },
          {
            "fieldPath": "tid",
            "columnName": "tid",
            "affinity": "INTEGER",
            "notNull": true
          },
          {
            "fieldPath": "comment",
            "columnName": "comment",
            "affinity": "TEXT",
            "notNull": false
          },
          {
            "fieldPath": "time",
            "columnName": "time",
            "affinity": "TEXT",
            "notNull": false
          }
        ],
        "primaryKey": {
          "columnNames": [
            "cid"
          ],
          "autoGenerate": true
        },
        "indices": [],
        "foreignKeys": []
      }
    ],
    "setupQueries": [
      "CREATE TABLE IF NOT EXISTS room_master_table (id INTEGER PRIMARY KEY,identity_hash TEXT)",
      "INSERT OR REPLACE INTO room_master_table (id,identity_hash) VALUES(42, \"6c11314c6821cd76adf424090e346a41\")"
    ]
  }
}